Domain,Predicted,Actual
-9.42478,-0.176911,-3.67394e-16
-9.37478,-0.176841,-0.0499792
-9.32478,-0.176768,-0.0998334
-9.27478,-0.176694,-0.149438
-9.22478,-0.176618,-0.198669
-9.17478,-0.176541,-0.247404
-9.12478,-0.176461,-0.29552
-9.07478,-0.17638,-0.342898
-9.02478,-0.176296,-0.389418
-8.97478,-0.176211,-0.434966
-8.92478,-0.176123,-0.479426
-8.87478,-0.176033,-0.522687
-8.82478,-0.175941,-0.564642
-8.77478,-0.175847,-0.605186
-8.72478,-0.175751,-0.644218
-8.67478,-0.175652,-0.681639
-8.62478,-0.175551,-0.717356
-8.57478,-0.175447,-0.75128
-8.52478,-0.175341,-0.783327
-8.47478,-0.175233,-0.813416
-8.42478,-0.175121,-0.841471
-8.37478,-0.175007,-0.867423
-8.32478,-0.174891,-0.891207
-8.27478,-0.174771,-0.912764
-8.22478,-0.174649,-0.932039
-8.17478,-0.174523,-0.948985
-8.12478,-0.174395,-0.963558
-8.07478,-0.174263,-0.975723
-8.02478,-0.174129,-0.98545
-7.97478,-0.173991,-0.992713
-7.92478,-0.17385,-0.997495
-7.87478,-0.173705,-0.999784
-7.82478,-0.173557,-0.999574
-7.77478,-0.173405,-0.996865
-7.72478,-0.17325,-0.991665
-7.67478,-0.173091,-0.983986
-7.62478,-0.172928,-0.973848
-7.57478,-0.172761,-0.961275
-7.52478,-0.17259,-0.9463
-7.47478,-0.172415,-0.92896
-7.42478,-0.172236,-0.909297
-7.37478,-0.172052,-0.887362
-7.32478,-0.171865,-0.863209
-7.27478,-0.171672,-0.836899
-7.22478,-0.171475,-0.808496
-7.17478,-0.171274,-0.778073
-7.12478,-0.171067,-0.745705
-7.07478,-0.170856,-0.711473
-7.02478,-0.170639,-0.675463
-6.97478,-0.170417,-0.637765
-6.92478,-0.17019,-0.598472
-6.87478,-0.169958,-0.557684
-6.82478,-0.16972,-0.515501
-6.77478,-0.169476,-0.472031
-6.72478,-0.169227,-0.42738
-6.67478,-0.168972,-0.381661
-6.62478,-0.16871,-0.334988
-6.57478,-0.168443,-0.287478
-6.52478,-0.168169,-0.239249
-6.47478,-0.167888,-0.190423
-6.42478,-0.167601,-0.14112
-6.37478,-0.167307,-0.0914646
-6.32478,-0.167006,-0.0415807
-6.27478,-0.166698,0.00840725
-6.22478,-0.166383,0.0583741
-6.17478,-0.16606,0.108195
-6.12478,-0.16573,0.157746
-6.07478,-0.165392,0.206902
-6.02478,-0.165046,0.255541
-5.97478,-0.164691,0.303542
-5.92478,-0.164329,0.350783
-5.87478,-0.163958,0.397148
-5.82478,-0.163578,0.44252
-5.77478,-0.16319,0.486787
-5.72478,-0.162792,0.529836
-5.67478,-0.162385,0.571561
-5.62478,-0.161969,0.611858
-5.57478,-0.161543,0.650625
-5.52478,-0.161107,0.687766
-5.47478,-0.160661,0.723188
-5.42478,-0.160204,0.756802
-5.37478,-0.159737,0.788525
-5.32478,-0.15926,0.818277
-5.27478,-0.158771,0.845984
-5.22478,-0.158271,0.871576
-5.17478,-0.157759,0.894989
-5.12478,-0.157236,0.916166
-5.07478,-0.156701,0.935053
-5.02478,-0.156154,0.951602
-4.97478,-0.155594,0.965773
-4.92478,-0.155021,0.97753
-4.87478,-0.154436,0.986844
-4.82478,-0.153837,0.993691
-4.77478,-0.153225,0.998054
-4.72478,-0.152599,0.999923
-4.67478,-0.151959,0.999293
-4.62478,-0.151304,0.996165
-4.57478,-0.150635,0.990547
-4.52478,-0.149951,0.982453
-4.47478,-0.149252,0.971903
-4.42478,-0.148538,0.958924
-4.37478,-0.147807,0.943549
-4.32478,-0.147061,0.925815
-4.27478,-0.146298,0.905767
-4.22478,-0.145519,0.883455
-4.17478,-0.144722,0.858934
-4.12478,-0.143909,0.832267
-4.07478,-0.143077,0.80352
-4.02478,-0.142228,0.772764
-3.97478,-0.141361,0.740077
-3.92478,-0.140475,0.70554
-3.87478,-0.13957,0.66924
-3.82478,-0.138646,0.631267
-3.77478,-0.137703,0.591716
-3.72478,-0.13674,0.550686
-3.67478,-0.135757,0.508279
-3.62478,-0.134754,0.464602
-3.57478,-0.13373,0.419764
-3.52478,-0.132685,0.373877
-3.47478,-0.131618,0.327055
-3.42478,-0.13053,0.279415
-3.37478,-0.12942,0.231078
-3.32478,-0.128288,0.182163
-3.27478,-0.127134,0.132792
-3.22478,-0.125956,0.0830894
-3.17478,-0.124756,0.0331792
-3.12478,-0.123532,-0.0168139
-3.07478,-0.122285,-0.066765
-3.02478,-0.121014,-0.116549
-2.97478,-0.119718,-0.166042
-2.92478,-0.118399,-0.21512
-2.87478,-0.117054,-0.26366
-2.82478,-0.115685,-0.311541
-2.77478,-0.114291,-0.358644
-2.72478,-0.112872,-0.40485
-2.67478,-0.111427,-0.450044
-2.62478,-0.109956,-0.494113
-2.57478,-0.10846,-0.536948
-2.52478,-0.106938,-0.57844
-2.47478,-0.10539,-0.618486
-2.42478,-0.103815,-0.656987
-2.37478,-0.102215,-0.693845
-2.32478,-0.100588,-0.728969
-2.27478,-0.098934,-0.762271
-2.22478,-0.097254,-0.793668
-2.17478,-0.0955476,-0.823081
-2.12478,-0.0938146,-0.850437
-2.07478,-0.0920552,-0.875667
-2.02478,-0.0902694,-0.898708
-1.97478,-0.0884572,-0.919503
-1.92478,-0.0866188,-0.938
-1.87478,-0.0847543,-0.954152
-1.82478,-0.0828638,-0.96792
-1.77478,-0.0809475,-0.979268
-1.72478,-0.0790056,-0.988168
-1.67478,-0.0770384,-0.994599
-1.62478,-0.075046,-0.998543
-1.57478,-0.0730289,-0.999992
-1.52478,-0.0709873,-0.998941
-1.47478,-0.0689216,-0.995394
-1.42478,-0.0668322,-0.989358
-1.37478,-0.0647195,-0.98085
-1.32478,-0.0625839,-0.96989
-1.27478,-0.060426,-0.956506
-1.22478,-0.0582462,-0.940731
-1.17478,-0.0560451,-0.922604
-1.12478,-0.0538232,-0.902172
-1.07478,-0.0515813,-0.879484
-1.02478,-0.0493198,-0.854599
-0.974778,-0.0470396,-0.827577
-0.924778,-0.0447412,-0.798487
-0.874778,-0.0424254,-0.767401
-0.824778,-0.040093,-0.734397
-0.774778,-0.0377448,-0.699557
-0.724778,-0.0353816,-0.662969
-0.674778,-0.0330041,-0.624724
-0.624778,-0.0306134,-0.584917
-0.574778,-0.0282102,-0.543648
-0.524778,-0.0257955,-0.501021
-0.474778,-0.0233702,-0.457141
-0.424778,-0.0209352,-0.412118
-0.374778,-0.0184916,-0.366066
-0.324778,-0.0160403,-0.319098
-0.274778,-0.0135823,-0.271333
-0.224778,-0.0111185,-0.22289
-0.174778,-0.00865016,-0.173889
-0.124778,-0.00617815,-0.124454
-0.074778,-0.00370353,-0.0747083
-0.024778,-0.00122735,-0.0247754
0.025222,0.00124935,0.0252194
0.075222,0.00372552,0.0751511
0.125222,0.00620012,0.124895
0.175222,0.0086721,0.174327
0.225222,0.0111404,0.223323
0.275222,0.0136041,0.271761
0.325222,0.0160621,0.319519
0.375222,0.0185133,0.366479
0.425222,0.0209569,0.412523
0.475222,0.0233918,0.457536
0.525222,0.025817,0.501405
0.575222,0.0282316,0.544021
0.625222,0.0306347,0.585277
0.675222,0.0330253,0.625071
0.725222,0.0354026,0.663302
0.775222,0.0377657,0.699875
0.825222,0.0401138,0.734698
0.875222,0.0424461,0.767686
0.925222,0.0447617,0.798754
0.975222,0.0470599,0.827826
1.02522,0.04934,0.854829
1.07522,0.0516013,0.879696
1.12522,0.0538431,0.902363
1.17522,0.0560647,0.922775
1.22522,0.0582657,0.940881
1.27522,0.0604453,0.956635
1.32522,0.062603,0.969998
1.37522,0.0647384,0.980936
1.42522,0.0668509,0.989423
1.47522,0.0689401,0.995436
1.52522,0.0710056,0.998962
1.57522,0.0730469,0.99999
1.62522,0.0750638,0.998519
1.67522,0.0770559,0.994553
1.72522,0.0790229,0.9881
1.77522,0.0809646,0.979178
1.82522,0.0828807,0.967808
1.87522,0.0847709,0.954019
1.92522,0.0866353,0.937846
1.97522,0.0884734,0.919329
2.02522,0.0902854,0.898513
2.07522,0.092071,0.875452
2.12522,0.0938301,0.850203
2.17522,0.0955628,0.822829
2.22522,0.0972691,0.793398
2.27522,0.0989488,0.761984
2.32522,0.100602,0.728665
2.37522,0.102229,0.693525
2.42522,0.103829,0.656652
2.47522,0.105404,0.618137
2.52522,0.106952,0.578077
2.57522,0.108474,0.536573
2.62522,0.10997,0.493727
2.67522,0.11144,0.449647
2.72522,0.112884,0.404444
2.77522,0.114304,0.358229
2.82522,0.115698,0.311119
2.87522,0.117066,0.263232
2.92522,0.118411,0.214686
2.97522,0.11973,0.165604
3.02522,0.121025,0.116108
3.07522,0.122296,0.0663219
3.12522,0.123543,0.0163699
3.17522,0.124767,-0.033623
3.22522,0.125967,-0.0835319
3.27522,0.127144,-0.133232
3.32522,0.128298,-0.182599
3.37522,0.12943,-0.23151
3.42522,0.13054,-0.279842
3.47522,0.131628,-0.327474
3.52522,0.132694,-0.374289
3.57522,0.133739,-0.420167
3.62522,0.134763,-0.464995
3.67522,0.135766,-0.508661
3.72522,0.136749,-0.551056
3.77522,0.137712,-0.592074
3.82522,0.138655,-0.631611
3.87522,0.139578,-0.66957
3.92522,0.140483,-0.705855
3.97522,0.141369,-0.740376
4.02522,0.142236,-0.773046
4.07522,0.143085,-0.803784
4.12522,0.143916,-0.832514
4.17522,0.144729,-0.859162
4.22522,0.145526,-0.883663
4.27522,0.146305,-0.905955
4.32522,0.147068,-0.925982
4.37522,0.147814,-0.943696
4.42522,0.148544,-0.95905
4.47522,0.149258,-0.972008
4.52522,0.149957,-0.982535
4.57522,0.150641,-0.990607
4.62522,0.15131,-0.996203
4.67522,0.151964,-0.999309
4.72522,0.152604,-0.999918
4.77522,0.15323,-0.998027
4.82522,0.153842,-0.993641
4.87522,0.154441,-0.986772
4.92522,0.155026,-0.977436
4.97522,0.155599,-0.965658
5.02522,0.156159,-0.951466
5.07522,0.156706,-0.934895
5.12522,0.157241,-0.915988
5.17522,0.157764,-0.894791
5.22522,0.158275,-0.871358
5.27522,0.158775,-0.845747
5.32522,0.159264,-0.818022
5.37522,0.159741,-0.788252
5.42522,0.160208,-0.756512
5.47522,0.160665,-0.722881
5.52522,0.161111,-0.687444
5.57522,0.161546,-0.650288
5.62522,0.161972,-0.611507
5.67522,0.162389,-0.571197
5.72522,0.162796,-0.529459
5.77522,0.163193,-0.486399
5.82522,0.163582,-0.442122
5.87522,0.163961,-0.396741
5.92522,0.164332,-0.350367
5.97522,0.164695,-0.303118
6.02522,0.165049,-0.255112
6.07522,0.165395,-0.206467
6.12522,0.165733,-0.157307
6.17522,0.166063,-0.107754
6.22522,0.166386,-0.0579308
6.27522,0.166701,-0.00796318
6.32522,0.167009,0.0420244
6.37522,0.16731,0.0919069
6.42522,0.167604,0.14156
6.47522,0.167891,0.190859
6.52522,0.168171,0.23968
6.57522,0.168445,0.287903
6.62522,0.168713,0.335407
6.67522,0.168974,0.382071
6.72522,0.169229,0.427781
6.77522,0.169479,0.472422
6.82522,0.169722,0.515882
6.87522,0.16996,0.558052
6.92522,0.170192,0.598828
6.97522,0.170419,0.638107
7.02522,0.170641,0.675791
7.07522,0.170857,0.711785
7.12522,0.171069,0.746001
7.17522,0.171275,0.778352
7.22522,0.171477,0.808758
7.27522,0.171674,0.837142
7.32522,0.171866,0.863433
7.37522,0.172054,0.887567
7.42522,0.172237,0.909482
7.47522,0.172417,0.929124
7.52522,0.172592,0.946444
7.57522,0.172762,0.961397
7.62522,0.172929,0.973948
7.67522,0.173092,0.984065
7.72522,0.173251,0.991722
7.77522,0.173406,0.9969
7.82522,0.173558,0.999586
7.87522,0.173706,0.999774
7.92522,0.173851,0.997463
7.97522,0.173992,0.992659
8.02522,0.17413,0.985374
8.07522,0.174265,0.975626
8.12522,0.174396,0.963439
8.17522,0.174524,0.948844
8.22522,0.17465,0.931878
8.27522,0.174772,0.912582
8.32522,0.174892,0.891006
8.37522,0.175008,0.867202
8.42522,0.175122,0.841231
8.47522,0.175234,0.813157
8.52522,0.175342,0.783051
8.57522,0.175448,0.750987
8.62522,0.175552,0.717047
8.67522,0.175653,0.681314
8.72522,0.175752,0.643878
8.77522,0.175848,0.604833
8.82522,0.175942,0.564276
8.87522,0.176034,0.522309
8.92522,0.176124,0.479036
8.97522,0.176211,0.434566
9.02522,0.176297,0.389009
9.07522,0.17638,0.342481
9.12522,0.176462,0.295096
9.17522,0.176541,0.246974
9.22522,0.176619,0.198234
9.27522,0.176695,0.148999
9.32522,0.176769,0.0993915
9.37522,0.176841,0.0495356
